CRIM,ZN,INDUS,CHAS,NOX,RM,AGE,DIS,RAD,TAX,PTRATIO,B,LSTAT,PRICE
6.473209809703022,0.4,22.3,0,0.41,6.090303091659501,64.0,2.1782473790600507,15,353,21.7,311.0,11.050709137123812,14.0
1.6712646708203103,89.1,11.3,1,0.57,7.231670029402812,37.0,6.315050201894744,21,377,21.9,342.0,7.560268368570119,32.2
8.51852496797055,12.4,7.2,0,0.36,5.169730603552164,91.0,2.577461008226154,18,660,18.1,323.0,15.619761923792947,12.1
1.8173790206879596,63.2,8.4,0,0.9,7.720704170439401,48.0,3.0376793884430424,20,555,21.2,331.0,7.446235766842154,30.6
5.480116611756086,33.6,17.5,1,0.49,5.712634221931916,15.0,1.5332817555189049,17,571,19.6,374.0,17.98243017043125,14.2
0.7895587015694221,93.3,21.0,1,0.82,6.4072619709122485,69.0,0.5277691552567858,18,664,22.0,370.0,2.0228492018332034,23.9
7.491967435135293,85.3,27.8,0,0.9,5.454351774863099,22.0,4.838922114747712,1,476,14.2,368.0,15.145692250687988,12.2
8.777133159113308,38.0,10.2,1,0.31,6.312149330804142,14.0,2.557164610281874,10,615,20.0,331.0,16.555946650200628,21.8
3.3415835105247806,57.9,9.3,0,0.88,4.432439132683406,98.0,4.063049033714356,14,467,17.3,358.0,15.622555946719519,9.6
0.7566644259172097,15.7,22.7,1,0.83,6.4890449558845,17.0,6.689638453415691,24,630,21.3,394.0,9.610127527327665,30.1
4.021842491904659,66.0,20.8,1,0.64,5.580586112284138,6.0,0.11743217704721154,15,320,17.3,390.0,14.305193793132569,20.3
0.272315871584043,50.1,29.2,1,0.8,6.863555004466126,81.0,5.982134905331656,3,414,18.7,315.0,3.163758191220513,31.2
0.3739971336824066,83.5,10.7,0,0.46,6.340489172648254,87.0,2.889528219158714,5,305,19.4,324.0,16.54238201481686,18.5
0.02701388234034674,10.7,27.5,0,0.72,5.809970591955136,52.0,4.1363709982506105,2,681,14.7,377.0,9.464613448437728,28.7
1.6742068361110114,78.6,0.6,1,0.33,6.574040559444691,73.0,2.69887039772062,22,285,13.1,305.0,19.260537570658425,25.5
0.2322036582808229,12.8,13.9,1,0.8,6.786515870970668,80.0,2.9538406676499016,3,462,21.8,300.0,13.097844492066425,24.8
9.305554197048505,63.5,18.3,1,0.7,7.056416834320186,10.0,5.242760846430531,22,597,19.4,342.0,13.02617481443861,31.8
8.040848533318453,73.2,14.4,1,0.33,5.79151011944748,42.0,4.243474797476668,2,214,15.3,362.0,7.611594648513488,25.7
10.903846917631778,42.4,4.8,1,0.32,7.112856051336138,31.0,5.189408484820426,16,667,15.1,375.0,7.021141681859796,37.7
2.6780347830099167,28.0,28.3,1,0.34,6.652345689662834,68.0,5.872952343725586,17,451,17.4,310.0,17.94396207537866,33.6
3.659190047571414,4.5,12.0,0,0.51,7.432511915143414,33.0,2.8039512869622563,21,590,17.0,303.0,11.549487258372427,30.8
2.1697361076807224,61.7,1.1,0,0.57,6.112747927134695,84.0,4.865493286750698,23,664,15.7,373.0,14.552777344363667,18.0
2.4834043475634715,58.5,24.1,0,0.78,6.678040896266411,61.0,2.2863734086381453,12,425,18.6,315.0,10.067096561631184,25.6
8.824158948077574,72.3,8.0,0,0.56,6.791894049422012,83.0,4.403775423485733,15,238,19.4,317.0,16.6029569991617,14.7
1.4718908552148797,15.3,18.3,0,0.43,5.2708585892135,61.0,1.6095729807539545,23,550,18.2,308.0,13.246487707923857,6.1
3.7214855933946382,76.5,13.7,0,0.64,7.115197736901851,8.0,3.880009807292912,6,509,18.5,331.0,5.15163150737223,29.7
0.809875099293361,33.0,7.1,1,0.44,6.097555655166483,13.0,4.834025380159035,24,567,21.2,341.0,14.990712586297871,13.9
1.9597983523620166,35.8,0.4,1,0.68,6.596803049745202,82.0,4.585175273547676,5,397,14.1,356.0,11.380082080127096,30.2
3.5972954998062083,8.0,6.3,1,0.68,6.478883532402053,1.0,3.721793931768519,24,650,18.8,354.0,19.321840809432857,23.5
1.8300922212432331,72.7,1.2,1,0.33,6.521164549665783,3.0,6.816377218776413,19,689,20.2,389.0,15.981053809377425,22.5
3.7344567479992268,13.3,19.5,1,0.67,5.855628313049356,8.0,7.0336260214581685,1,542,15.3,371.0,14.14900910029081,29.6
5.194910402146173,92.8,14.3,1,0.5,7.723796761922061,31.0,3.1782879871832757,21,457,16.4,377.0,12.404712266226426,33.7
10.200896090684223,45.0,29.9,1,0.87,7.27549198670001,89.0,4.079738790197174,14,451,16.0,365.0,15.113861977297006,36.9
9.062227716755512,47.8,7.1,0,0.62,5.845735337806495,37.0,0.27300217452331044,23,687,18.5,390.0,8.748915670911238,16.5
4.369423258900197,18.7,28.5,0,0.71,7.2081707288057535,55.0,3.3557825287292964,21,211,21.9,388.0,9.30636606368247,24.7
10.228385928293067,68.6,22.9,1,0.77,5.27961637017634,72.0,3.9898138819864504,5,596,16.7,379.0,13.054988531657889,14.4
6.011820386109925,7.2,2.1,0,0.75,5.933461554529829,17.0,5.373491417533493,6,518,12.7,301.0,9.479402112236288,20.4
7.646739264442342,48.2,11.2,1,0.86,5.778442773637449,95.0,7.032490716416098,10,646,12.3,393.0,7.988419247177104,30.4
2.7955948255842724,71.1,23.3,1,0.65,5.8515561149361295,35.0,4.483110786851713,9,599,16.7,344.0,11.103485201877595,20.8
0.30613247250835895,68.9,19.6,0,0.36,6.925198563627406,4.0,4.130188788311905,21,200,13.3,318.0,13.788638437665416,31.8
4.296372007702873,81.2,11.7,0,0.72,7.485267831302223,5.0,6.877286293824858,21,617,14.0,332.0,11.2461211411954,37.6
6.4056152015290575,79.1,6.2,0,0.32,5.886651883724533,39.0,6.8259374665207115,16,633,15.1,351.0,11.98447480380951,23.4
2.474261900115579,85.5,19.1,1,0.38,6.222867513344918,65.0,8.256029382310528,20,474,14.5,333.0,4.97176964433823,37.8
5.617707266966161,65.9,8.6,0,0.73,5.156541665312554,18.0,0.7381118953752592,12,620,22.0,386.0,11.176059340914694,5.9
0.7970169714225692,68.4,19.4,1,0.72,6.192807407559998,14.0,8.012686279293712,19,521,12.7,349.0,2.586640208295739,38.9
9.439181914694826,81.5,16.3,0,0.74,7.106722263322972,39.0,2.991958410527597,4,683,22.0,337.0,16.936260880342942,14.7
6.871493670302733,45.9,25.1,1,0.31,5.518149520781387,53.0,0.06925564721629573,4,670,21.2,303.0,12.617699141792286,10.7
2.2257775033108054,16.0,0.0,0,0.33,5.860359303604291,49.0,7.1088690096342555,3,602,15.4,366.0,13.26901884283694,21.2
6.59879608701589,87.1,22.7,0,0.48,7.017070500401524,81.0,1.6344218332038123,6,345,21.0,321.0,6.592224199871463,17.3
7.487962170322017,11.6,17.9,1,0.73,6.610784216801756,43.0,6.799820237637885,6,683,20.2,363.0,13.522970410054144,24.3
0.3698300363157845,59.1,26.3,0,0.86,5.235748186386034,20.0,5.861568312922863,15,551,15.3,337.0,11.866840668648539,14.7
2.8259394589264573,97.5,28.3,0,0.68,6.726022222346445,43.0,7.391201015819167,19,642,15.7,357.0,12.934476369148182,29.9
4.887489720399311,22.4,14.6,0,0.8,6.853260113669536,7.0,2.781059808895349,1,338,13.2,324.0,17.27173334529587,27.0
2.201495608966407,50.1,21.5,1,0.41,6.710733201328647,0.0,3.1558719937124815,12,537,21.9,349.0,16.226082527026314,20.5
7.931630775630745,37.0,2.4,0,0.37,6.004923106161962,30.0,2.8503092967407735,3,346,15.9,322.0,8.935189055561423,20.2
5.198777148017908,78.3,13.9,1,0.38,7.1184513759490775,14.0,0.6108897268057083,7,200,18.9,373.0,14.322718458362479,29.8
12.720834083985306,67.0,15.9,0,0.59,7.181434188080447,64.0,4.684012993047222,11,536,12.5,391.0,5.845459969065198,35.2
7.35294650547206,37.8,5.0,0,0.9,6.967488316311908,58.0,8.98078758046006,12,562,13.6,347.0,13.868077776322506,29.5
1.071185399805756,80.4,29.6,0,0.57,7.10943951044296,70.0,6.743419296472718,19,650,16.1,342.0,24.95541304505504,27.6
2.1775577964326684,56.5,15.3,1,0.73,6.789028851665432,33.0,3.8211185475480525,19,473,12.0,348.0,6.838634188744883,35.8
8.224665187388931,32.2,14.2,0,0.56,8.031254446685438,67.0,4.980175901885614,12,489,15.8,370.0,16.56954092103033,29.7
13.716061591885795,24.5,24.2,1,0.88,6.403518698160449,1.0,5.201513308092631,16,583,13.4,384.0,13.172100200298466,32.0
0.2905947455197677,85.8,17.3,1,0.82,5.5861620945496675,71.0,1.5787166136809399,17,279,20.3,393.0,10.688344486266345,21.4
0.9650173057843259,97.7,10.9,1,0.71,6.392748524970989,86.0,1.8429890417390946,21,599,18.6,334.0,15.94822921064199,23.9
0.367744079630417,4.8,12.3,1,0.73,6.848082565538389,59.0,1.867828678807729,20,379,12.4,374.0,15.7927506901045,30.1
2.1713072866408494,64.5,12.7,0,0.87,6.936162741041965,70.0,0.8055084493152709,19,646,21.2,340.0,16.23292984601239,18.5
0.07924866377539086,17.4,28.9,1,0.69,6.044779508896948,22.0,4.750750173265709,22,638,18.8,379.0,15.265817816747974,23.0
1.9638310668267465,25.4,7.1,0,0.6,5.623497230532932,55.0,3.7374498758241796,19,235,16.5,335.0,8.425385573273962,19.4
11.205528906176882,64.0,5.4,1,0.69,6.935549916103083,33.0,4.427391044516993,7,650,21.7,336.0,13.540366262184854,23.1
2.2615480139492714,11.6,2.7,1,0.53,5.027904621438782,69.0,7.120673316214969,18,417,17.1,355.0,10.009825209742514,23.3
3.489305608283042,4.4,16.9,1,0.31,6.651695219798652,16.0,2.5000958024754176,8,509,18.9,371.0,10.212440651963576,24.0
3.0278021904900054,66.8,14.5,0,0.64,6.279803496179051,39.0,0.8401934419056314,5,614,12.8,320.0,13.793001657284877,19.4
3.53778265115161,61.3,27.7,0,0.43,6.534327326697565,92.0,4.9950257930517985,22,613,21.5,316.0,16.07579444942825,17.4
3.333649106470232,83.5,10.5,0,0.72,5.949952017679889,28.0,5.154110827915084,7,326,15.9,300.0,12.755067877948125,16.4
8.110087436527325,38.9,3.6,0,0.36,6.330748752373994,91.0,3.3332378555788567,24,557,16.8,343.0,5.246445362592248,21.2
2.4588252292137485,25.0,19.9,0,0.67,6.061860218714523,7.0,3.988905693995138,18,360,19.0,384.0,7.897043720983276,21.4
8.929322474730535,15.6,21.5,1,0.5,6.575732730834879,48.0,4.16930438869846,24,604,15.0,351.0,17.340167535816974,25.5
3.071184989947524,27.4,19.7,1,0.81,6.416652639329564,39.0,3.398691271400813,17,236,18.1,365.0,10.764684053049974,27.9
7.512629581079063,51.7,14.9,1,0.63,7.211194626912201,95.0,3.6171609941318486,16,664,20.7,344.0,14.676247715868486,19.6
14.632204620688007,95.5,16.5,1,0.75,4.444882497406864,39.0,3.629702110065657,21,275,13.0,381.0,20.26662946676951,5.6
1.6214604833171045,0.6,24.6,0,0.44,4.187196750851386,37.0,4.99904460427808,21,369,16.2,365.0,24.296717965359036,5.0
3.3293312624878726,57.7,28.7,1,0.75,6.956064029723748,48.0,5.589671130382652,9,250,19.0,350.0,15.533788726573501,23.4
4.159227040350271,30.7,20.4,0,0.79,7.4481640223361625,71.0,5.1519520510384975,15,605,17.1,310.0,15.478535869751779,26.3
5.433826227450292,93.7,12.2,1,0.83,6.6419333989610365,51.0,4.50621741208519,17,416,19.9,383.0,11.750194030254752,27.7
4.37875830496735,82.9,29.8,0,0.56,7.38875189647472,33.0,2.46741596208139,20,484,13.4,372.0,3.0976844909990184,38.3
4.38055556031558,77.4,7.9,1,0.78,4.924612105619284,53.0,2.9352363548300815,23,216,16.0,310.0,9.74856491351431,17.9
7.102085356019968,41.1,18.3,1,0.47,5.862887401843668,94.0,1.4272373192348558,24,430,15.6,308.0,12.611762136172217,26.3
6.366804641974946,37.0,27.2,1,0.52,6.88898295903053,49.0,2.5146880899598933,8,641,14.6,304.0,6.796434806142913,30.0
3.917307102832506,50.6,11.9,1,0.72,6.949886854577944,24.0,2.6325029072608253,14,525,16.8,346.0,14.654163441703552,31.1
0.1512430374386522,9.5,1.0,1,0.78,6.42225824295534,23.0,4.960393647934408,4,315,17.9,363.0,6.892061387123513,32.4
2.207317904225837,37.8,16.7,1,0.6,5.408731933264334,48.0,3.727364447839871,4,423,14.5,329.0,7.60354207500356,31.0
2.437842506448013,79.3,12.8,1,0.76,6.28889010671411,81.0,4.997520774492183,11,411,16.1,304.0,10.945678123086065,31.9
4.502944972949013,19.3,17.0,1,0.6,6.4367444525783455,57.0,4.38639645451303,6,312,17.7,345.0,5.769310294744537,33.0
3.171161434652319,88.6,13.3,1,0.63,5.61812564115233,31.0,6.197403589655147,19,554,13.1,318.0,11.922587849125035,31.9
4.124111671594173,86.4,26.7,0,0.5,5.913493619972536,73.0,0.13874907538668113,6,297,18.7,385.0,12.044453624872512,16.0
1.0307674462317706,4.9,10.5,1,0.65,6.003268913154268,41.0,2.4780434571627383,11,593,20.0,385.0,11.057183995601891,25.8
7.902387965082546,69.4,1.9,0,0.67,7.041159818515973,74.0,3.6163647583051124,15,560,12.3,376.0,10.173533236607708,33.0
3.847098626725631,7.8,7.5,1,0.86,6.238405054194633,35.0,1.5170737255179065,9,453,17.7,367.0,15.946846493521608,19.1
8.000336321779525,79.5,26.1,0,0.66,6.896419372996138,55.0,3.3711578838333467,1,273,13.1,300.0,9.0498156014601,32.1
1.9264762556846318,15.3,9.5,1,0.86,6.442995472319827,55.0,3.5257458080286477,4,403,14.4,310.0,13.295817126507947,27.3
1.2555316935644507,82.9,26.3,1,0.57,5.989013192383729,2.0,6.25927239629695,14,629,13.0,326.0,12.962336660397243,29.8
1.74006415480003,84.1,10.9,0,0.73,5.801574674898856,60.0,4.387114088957475,15,594,13.4,322.0,16.274395193727216,21.3
1.9595902343358986,60.4,4.6,0,0.43,6.2779269105958635,57.0,4.050749204484373,21,252,14.4,341.0,4.281683231756707,37.6
3.4482719254199226,41.9,0.7,1,0.42,6.32952229944925,65.0,4.026235805291113,5,449,17.6,386.0,21.882022448967774,17.8
1.3121219249667329,74.2,27.9,1,0.9,5.767847982203471,32.0,1.3954753429797604,11,531,14.4,335.0,3.5634199708335554,28.2
7.422881449710543,40.9,9.9,0,0.36,6.803026093886411,3.0,2.104289921618022,9,608,19.9,300.0,5.377884648275419,25.4
11.2843268141438,86.2,5.4,0,0.71,6.772919193283083,76.0,6.836409271269634,5,449,18.7,346.0,9.074761300649952,27.1
4.96545084121664,94.9,28.0,1,0.75,6.308357670007868,84.0,6.350075199056757,18,235,17.7,341.0,10.6315498358585,29.1
8.989621280649347,35.0,23.4,0,0.74,5.26221925068119,68.0,4.181204617830518,1,470,12.8,359.0,11.33086465949701,17.4
0.029836205073563438,76.3,15.8,0,0.36,6.340555611377817,60.0,4.515095469787899,12,471,21.1,388.0,17.640579183459423,12.9
3.197735195642764,73.3,22.4,1,0.55,5.974497588608627,3.0,3.6959349569449755,21,367,13.9,388.0,6.891936553515985,26.5
2.867507404554636,62.5,16.2,0,0.56,5.578257683785044,67.0,3.8722995521494905,7,621,18.0,383.0,21.463187268794186,5.1
5.052778755257101,96.5,15.2,1,0.72,6.152868129879511,34.0,4.962392205454723,12,463,16.0,391.0,16.62588189318768,25.2
11.25039912122714,53.8,25.8,0,0.81,6.50611984949448,53.0,0.41420647969346014,11,202,18.0,307.0,11.414705814725105,19.9
1.970241720709831,24.6,27.2,0,0.62,5.651918027476098,48.0,4.823245793646908,17,560,14.6,340.0,16.242776042709792,21.4
0.5423449623666898,66.6,23.9,1,0.66,5.37705954027816,75.0,6.892023112494561,22,331,18.7,328.0,15.608874386276675,20.2
14.669428398574063,23.3,9.4,1,0.87,6.824320302561755,14.0,3.791635539873053,17,339,19.2,350.0,18.152690566999368,24.0
10.598563895535388,1.4,25.1,0,0.59,6.415859844112398,17.0,1.752420241109395,18,611,18.5,386.0,2.1765967776136694,14.6
6.821281717585288,21.7,9.3,1,0.8,7.288255097033077,58.0,3.3880494845343945,7,630,13.4,398.0,16.400805966725304,36.2
4.384179213938535,44.6,29.1,1,0.36,5.824760925734948,0.0,5.479058212433777,9,274,20.2,369.0,5.67036937895123,22.5
2.869918423733867,21.8,23.9,1,0.43,6.936557631375568,19.0,4.000542741865293,8,390,15.9,380.0,10.088315813220476,35.9
0.6442206695478632,89.6,15.2,1,0.48,5.4117771588891435,7.0,1.947730559140358,23,596,19.8,370.0,14.923361243866879,9.2
11.115760874304303,14.4,13.5,1,0.32,6.35325019500714,11.0,4.550657650214521,7,281,19.3,315.0,6.791100789439323,24.4
7.162255182865605,45.3,21.4,1,0.88,5.62967104675267,35.0,5.423364844724562,13,281,15.5,343.0,3.934017933216568,20.6
5.5739651756741235,84.0,6.3,0,0.8,6.6246594202098885,42.0,5.5424353555231995,10,469,15.2,380.0,15.965291917353262,23.4
2.598236232275669,89.3,7.5,0,0.53,5.104221773310243,23.0,1.7372631517490258,23,217,15.5,392.0,6.370740645930296,13.8
6.595854714586865,93.7,24.4,0,0.85,5.978935028841132,94.0,1.3742001030361357,8,268,20.7,357.0,9.901159822945534,9.3
5.187339970866798,92.1,27.5,1,0.79,6.780114696491079,75.0,2.077642521052315,7,653,12.5,365.0,9.863163694486598,32.7
9.064662100166347,78.6,27.6,0,0.9,5.575493711986655,46.0,4.452057549952691,17,486,14.0,300.0,13.351574291566624,18.0
1.3393924696565955,59.5,18.6,1,0.56,7.014645453744817,58.0,5.297152348021708,1,423,12.0,308.0,6.7656099628272734,36.6
4.727613438338439,20.5,25.4,0,0.75,5.991324325623331,28.0,2.637421467473083,22,379,12.1,330.0,10.24298927897349,25.6
5.519974188974619,38.3,5.0,0,0.67,6.021357578030618,50.0,4.281604715060712,23,648,21.1,337.0,6.947476928658538,17.0
1.2808841517031504,31.8,19.6,1,0.84,6.231561408611845,86.0,7.157420237179764,12,387,18.8,354.0,17.49504556198492,25.0
6.737234875123757,50.8,11.7,0,0.84,7.3066195766044215,40.0,3.832558669743351,14,465,21.9,377.0,11.67126724768913,28.5
6.982424726071947,74.0,24.6,0,0.36,6.677817055055927,83.0,1.7261151655999645,11,683,19.5,333.0,14.44785106332732,21.4
0.7119436251313873,94.4,8.0,1,0.84,6.5250712516439755,11.0,6.043121914809275,22,694,17.9,360.0,10.265165123193796,34.3
9.13215890628878,3.4,10.1,1,0.61,6.803169161976009,33.0,5.360407887232077,20,233,15.7,397.0,18.589563942004705,29.7
17.641496505971652,29.2,14.9,0,0.53,5.325477569727055,16.0,5.11832817781737,20,429,19.3,343.0,17.292942493434225,8.7
7.854867389213352,13.9,13.2,0,0.33,6.758414067992965,36.0,3.6081622519097705,8,545,21.0,302.0,15.052945279904264,18.9
10.955399560733664,11.8,29.4,0,0.34,5.613991094886565,76.0,6.081864626416162,6,554,13.6,360.0,13.310023785221086,23.6
4.701851881504156,10.3,7.5,0,0.46,7.1263528594731635,88.0,6.612139200591652,19,326,16.8,342.0,3.782154905648831,38.5
9.44089814392796,63.9,22.5,1,0.82,7.476132366971788,7.0,3.664152460088126,4,333,15.3,390.0,8.49612003655583,35.2
2.972584204781235,1.2,23.0,1,0.44,7.437735509728412,84.0,6.5586777929806,18,665,18.9,337.0,14.270125541714986,33.8
3.28332030568599,66.8,14.8,0,0.54,6.996749024345413,24.0,0.05388319016881482,12,494,19.2,352.0,23.432720182695775,17.9
5.1214769439786885,87.2,28.4,0,0.73,6.794870612403079,85.0,4.834671753366801,9,587,16.9,367.0,15.142563902055738,19.6
5.005903535855529,28.7,14.2,1,0.67,6.49309667016757,48.0,2.4790227724662106,21,635,20.4,353.0,13.21294538022241,22.5
4.701587980792404,52.5,9.4,0,0.34,5.32282908243178,47.0,3.0735338090635294,4,483,17.5,392.0,11.683673913326873,8.2
4.323978360941288,40.6,13.8,1,0.53,4.950116966465546,15.0,4.007403182298019,4,375,20.7,304.0,7.887534431244986,10.3
11.40127944290398,41.6,2.7,1,0.69,7.467168010805321,30.0,3.5074496198179284,23,262,15.5,305.0,9.50555654292793,36.6
8.984318450336517,20.7,24.8,0,0.84,5.481027917293752,93.0,3.812838931234552,22,596,13.4,379.0,14.559366338581306,16.7
1.779561120735468,53.3,9.9,1,0.57,6.417146247153912,1.0,4.938434149720857,10,646,14.8,328.0,18.72027932900793,29.4
2.4367239150575735,51.6,3.9,0,0.53,6.430995658175139,59.0,2.0196765304844284,9,243,15.2,363.0,14.969241429836076,23.3
5.782892812734512,90.3,24.8,0,0.88,7.8570934552199905,43.0,4.312139297439126,10,461,18.9,365.0,3.722879112959145,36.0
11.949774591054213,36.3,11.3,0,0.62,7.026844447344978,7.0,5.262185233418406,19,515,17.6,308.0,10.208498915742256,22.2
0.44266025188700286,48.5,14.9,1,0.3,7.268096476168253,32.0,7.033826397156641,12,384,16.9,395.0,8.155367865581923,40.7
5.122865682255187,1.3,23.2,1,0.51,6.776460907525611,16.0,3.209270943130987,22,292,15.5,327.0,13.385164337488835,30.8
4.572415617781017,92.4,5.2,1,0.38,5.883117310334631,62.0,1.9888247478989616,1,502,18.3,398.0,15.588821763090115,16.7
6.729757268694007,82.2,7.1,0,0.33,5.012034936548942,12.0,5.684892618455271,11,517,12.8,350.0,11.31624494204345,20.5
13.724634440088344,51.6,10.9,0,0.85,4.887137800911143,38.0,4.645109267182423,24,348,14.3,399.0,15.725641787574089,10.6
2.231231379008646,77.3,19.4,1,0.39,7.430230267537704,53.0,4.66851915180397,11,633,18.3,313.0,11.73122901200315,39.2
14.605195048051106,77.5,11.9,0,0.3,6.272950327005004,84.0,4.902317300246813,12,680,18.9,320.0,9.731614642195112,17.0
4.636513366614336,3.6,19.6,0,0.61,5.612674112326582,73.0,5.759474469125283,16,546,15.4,363.0,9.33444397803021,20.4
7.940939519670718,26.5,1.8,0,0.31,4.676815486309444,14.0,4.772693490998597,2,507,21.9,345.0,0.8561296104028742,5.0
9.74533624013556,83.5,4.3,0,0.65,5.451672823487023,28.0,5.775807338533795,24,642,18.2,334.0,10.017737222929838,11.7
4.34454580129206,16.0,1.1,0,0.7,5.387252474869506,13.0,4.7606777257426565,9,662,14.6,365.0,18.12770088855354,19.9
2.61047749189882,25.3,12.1,1,0.38,7.196048943320409,81.0,4.79129240019145,9,638,21.5,336.0,5.954237409262097,31.1
1.487505891516201,64.4,29.2,0,0.48,6.220492648949377,57.0,3.7351085228664624,4,672,20.7,361.0,11.812315717725854,18.1
4.717905477378797,85.8,26.1,1,0.46,5.755731407702692,45.0,4.445628256122109,15,282,13.2,382.0,22.27616484831382,24.8
2.284187412280546,48.7,23.6,0,0.6,6.794370491963442,42.0,3.0320322202064767,21,382,13.1,357.0,15.906742631995703,27.6
0.3472727180067059,28.0,17.6,0,0.76,6.0935624284885535,38.0,0.2170275017885377,19,237,17.7,394.0,10.243909154073888,16.0
9.041689506826405,43.8,0.5,1,0.49,5.400243065336794,47.0,0.5390482820078848,13,446,15.1,315.0,17.521994933316957,13.4
2.6768425438000865,71.5,27.1,0,0.47,6.168065805165334,86.0,7.134464705684852,8,278,19.1,355.0,13.149937538651624,27.5
1.171421666916891,87.3,7.6,0,0.51,4.782920899776232,96.0,2.9554785628634055,18,681,18.3,334.0,17.13468489089078,5.8
0.7396073619821673,23.6,15.9,0,0.38,4.809264509922853,74.0,5.389675302792617,3,302,15.2,315.0,8.981569230413353,14.2
3.9100328812718192,29.0,14.2,0,0.65,6.8915884198530195,44.0,2.0699676115345227,2,264,13.4,369.0,18.403142677402563,25.7
4.4081595826472135,97.7,21.2,0,0.35,6.331888324587617,23.0,4.606914333848581,2,512,15.7,358.0,1.0446624605119261,31.4
6.377968980417336,26.1,16.9,1,0.56,4.798748948515451,6.0,2.4028578773959897,24,553,20.4,349.0,13.768030107174596,6.8
5.104302236475525,17.9,24.2,0,0.49,6.1896047747607,11.0,3.4517886797311865,13,669,12.2,382.0,9.014771230849977,28.8
11.474844743271351,39.3,22.5,0,0.62,6.975969101359826,33.0,5.595932493799996,7,539,20.5,373.0,20.623429299706782,18.6
2.2796867910846093,25.5,13.3,1,0.89,7.515405348758131,85.0,1.9843830817820831,20,696,12.4,355.0,9.439572838826834,43.4
4.21598421315727,57.5,11.5,1,0.64,5.461007344853199,56.0,3.0011556567136863,2,497,13.4,389.0,13.227709238639486,22.9
0.7788650826315129,31.1,7.8,0,0.9,6.295646631931834,29.0,2.9743664741982556,13,288,15.9,306.0,7.145630231615633,23.0
3.0165070455236975,24.2,14.1,0,0.65,5.103670317861539,60.0,5.094324656701366,4,525,21.9,337.0,9.139365996242582,11.1
3.167155109398561,1.0,9.9,1,0.6,6.729343032582702,50.0,4.28334457971654,15,295,20.2,369.0,10.325503571879082,29.4
3.6184433134946925,58.3,10.4,1,0.46,6.602267416270384,31.0,2.3036425199300816,4,423,19.4,356.0,2.989671211107062,34.5
5.638028415590769,54.0,12.7,0,0.4,6.177001248915212,7.0,2.004548518517256,16,610,19.7,339.0,17.197801972607518,15.1
1.879404556433907,15.6,5.1,0,0.9,6.353169519589944,93.0,5.945251399566182,10,504,21.8,303.0,17.632142229308236,18.8
11.76726401052462,17.3,8.2,1,0.33,7.267406521543756,6.0,7.0116585217808165,22,511,18.9,331.0,9.307464533321502,36.2
11.480707071939284,23.6,12.1,0,0.43,6.569593573607411,91.0,0.5092047200272818,10,478,15.5,322.0,4.8747168008023705,20.3
0.6377198843482339,40.1,10.7,0,0.44,5.567384849201611,99.0,5.457400339673101,9,393,14.4,327.0,9.263436512031952,20.0
4.109823887378262,78.6,24.0,1,0.31,5.811958957896395,69.0,1.071469402075215,14,459,18.4,393.0,19.643786648272663,11.8
1.1600585422000327,77.5,11.7,1,0.86,5.884511987068721,44.0,2.9611223030606437,22,536,12.1,371.0,7.0867593245921,36.3
5.735795791390272,5.7,7.0,1,0.32,6.9491125856225455,6.0,3.1966847385682295,1,401,19.4,374.0,17.9809645801458,26.9
8.862913862561367,50.1,24.1,1,0.3,6.151512508512659,58.0,1.5884738252715587,16,338,15.8,337.0,12.618082595846325,19.9
3.2844547982434857,71.7,21.0,1,0.44,7.302102415812391,12.0,6.564101999136778,2,643,20.3,381.0,5.044155641174505,40.4
9.697529427275732,17.3,6.0,1,0.72,6.1674826479307345,53.0,3.9221868053467266,21,278,16.8,381.0,12.459746998630445,22.7
5.925792890563338,37.5,11.9,0,0.58,6.97363760908683,60.0,3.7100220315833448,3,491,19.9,321.0,16.24786425755064,21.5
0.7669924004133204,27.6,4.4,0,0.71,5.943198322747518,76.0,4.379980242104761,6,225,16.4,329.0,11.648982689862406,28.0
1.0723278338477167,17.3,9.5,1,0.7,4.058280823902958,17.0,6.414309407770936,8,693,21.5,360.0,5.526253848377193,15.4
0.07360212729715254,36.7,10.7,0,0.33,6.076039142789571,79.0,1.5009670385250948,1,208,20.2,309.0,17.866426490536924,12.3
1.4071930345205699,6.0,4.8,0,0.84,5.9182661344361485,45.0,2.3210097231565507,2,425,21.9,388.0,7.960625308422466,14.6
1.1852288174055463,95.2,12.5,1,0.89,5.372020992267631,26.0,3.4914342289702276,13,540,12.6,397.0,8.285219023668693,26.3
3.964324515218654,6.5,1.5,1,0.6,7.885160350171702,60.0,7.52162798341219,21,379,18.4,374.0,11.618281515757904,36.3
5.189793829654699,75.8,10.9,0,0.53,5.438584554041227,92.0,1.5688940582439006,15,480,17.7,390.0,7.923367074120481,9.5
2.2814694189523426,91.1,26.5,0,0.47,5.156180216040813,11.0,5.565501297173032,8,334,13.1,338.0,7.994267923156689,18.3
0.6317339300823201,90.0,8.7,1,0.67,6.005730092323119,86.0,2.356493694860946,3,603,19.5,343.0,6.797129714430813,24.9
5.87460181606702,12.8,18.4,0,0.49,6.088880396749004,69.0,0.9813309201044493,21,244,18.9,354.0,9.246046499889953,20.9
3.9144776939137405,50.6,11.4,0,0.54,7.226392665100207,92.0,2.786349435808841,4,534,21.5,354.0,12.365344351066716,29.8
2.006977997361003,38.8,10.2,0,0.43,6.701022171354234,56.0,4.668254558335652,10,383,17.0,358.0,16.77595821370094,24.8
1.6112699074948744,79.5,27.3,0,0.45,5.664383860989922,6.0,1.8057502895135804,14,540,20.3,319.0,18.5289544063883,5.7
0.44349114271386414,86.2,13.4,1,0.45,5.215222879402196,69.0,4.168566524976013,22,225,14.2,314.0,10.513163361004045,22.3
0.6196813070403104,85.6,29.1,0,0.47,6.877198365850707,0.0,3.5758040004838443,8,446,21.7,364.0,15.134285843172457,19.7
10.049495619398602,87.3,21.4,1,0.36,5.9686749532690255,75.0,8.760006403755561,3,372,20.9,314.0,6.463007732290637,22.8
4.006594867676133,39.5,23.8,0,0.69,5.751394354716685,74.0,5.6474353946800235,7,243,12.8,390.0,13.253428675396508,22.7
0.5055853541918882,69.6,14.7,0,0.33,6.03368004537909,62.0,5.503888745319774,6,241,18.2,350.0,14.944760202184005,17.6
4.874637465528053,87.1,24.1,0,0.4,6.804041844027041,98.0,0.08814872060494228,3,559,15.1,392.0,14.065226724860253,22.5
3.5757788915602684,63.7,22.2,1,0.48,5.961788289009671,75.0,4.219361497500987,18,337,16.9,351.0,4.933778993282013,36.0
4.083690432296411,87.0,4.6,0,0.59,5.637267533894245,55.0,2.446093038878467,8,223,16.8,348.0,13.09330919121733,16.8
3.545797453874928,12.3,12.2,1,0.41,7.393635178715401,9.0,4.4498716249679,5,259,12.4,344.0,13.61106087050445,41.8
6.811344732934225,15.4,19.7,0,0.82,6.231660137162613,12.0,2.7141342227614516,3,398,13.6,315.0,9.267451375146273,22.9
4.940082633403673,44.8,22.2,0,0.5,6.8565155215320415,86.0,2.1471092996923313,12,310,16.2,332.0,4.281274318050514,26.6
4.954774532013987,72.8,25.3,1,0.86,6.47361948736429,94.0,2.747483373409934,8,634,12.9,372.0,16.345376571135148,29.2
9.319734524366892,31.6,11.8,1,0.38,6.986641934775607,32.0,5.8459793916454785,21,532,13.3,329.0,10.414980234760808,40.3
5.66769224866091,34.5,18.1,1,0.59,6.830507265278239,41.0,4.89517644255009,10,274,12.0,361.0,11.921849999281484,41.9
4.3415782347633645,57.1,21.0,0,0.69,5.581571424044078,1.0,4.332335459506281,8,553,15.0,380.0,9.678220575897711,21.2
0.2779158020524761,89.6,12.2,1,0.65,5.561498414219501,32.0,4.303965612592071,19,504,17.7,329.0,21.895687419003103,14.6
5.665606303806165,51.7,25.1,0,0.7,6.379116687412852,28.0,3.392812539643,8,470,12.4,333.0,9.960790141564864,34.1
3.688793801424704,56.7,2.2,1,0.33,7.122523108533826,44.0,3.478488981080176,17,547,15.8,314.0,19.357725882171636,33.2
0.6022271552401719,63.9,26.3,1,0.31,6.155134351947072,51.0,8.750096760770196,1,359,17.1,388.0,7.964411000884255,31.3
5.387041075022942,95.9,13.0,1,0.65,5.390765200014708,6.0,2.510352211072425,24,359,17.5,346.0,11.576983281620139,18.3
2.2834088870301823,7.2,8.6,1,0.32,6.620321214979469,99.0,0.8203313491078856,5,406,12.2,388.0,18.25721028086783,30.1
3.7394825108467065,10.6,25.6,1,0.45,6.339208940905324,3.0,2.777098367673701,7,609,17.2,312.0,7.368232896141819,23.7
8.419224938010117,4.8,27.9,1,0.62,8.136678831829839,7.0,1.7795087212022271,7,451,20.7,377.0,17.124772890034162,37.5
5.429662236084755,79.5,3.0,1,0.4,6.033608385470697,70.0,2.1727595455370885,3,643,18.7,389.0,14.541833882535787,18.0
2.2965950724137967,91.4,12.3,1,0.79,6.141540126233675,53.0,3.5064009905791345,19,586,20.5,342.0,7.6645095912865955,24.4
0.5518499713600522,73.0,15.2,1,0.9,6.4954013637541665,84.0,6.718309786162712,10,361,16.6,340.0,7.63212738944218,39.2
5.986379895676587,24.8,9.5,1,0.62,5.207512439968351,44.0,2.548783713973422,17,279,16.7,349.0,10.324967028466528,14.6
1.0598614215312798,38.9,23.7,0,0.62,7.865330228463939,1.0,3.5498007652633325,8,497,17.7,352.0,11.517235346248045,34.2
3.8798601105035755,77.3,11.7,0,0.84,6.71165387434025,62.0,4.46877736258828,7,385,19.1,353.0,17.632498643710814,16.3
0.6455929726231457,43.3,15.3,1,0.48,6.330404928473356,86.0,4.932882482939948,18,583,15.3,349.0,8.785698424810182,36.9
0.17487503156490147,78.3,2.1,1,0.45,5.854573439684452,9.0,4.737360692796196,5,263,16.9,363.0,5.920228380481249,29.4
0.3745495225074724,87.5,22.3,1,0.87,6.387856700023486,51.0,3.915197819653419,22,380,13.9,311.0,8.666261023299798,32.1
10.137151762428935,49.6,0.9,0,0.89,6.417056688627638,80.0,5.700106800073564,11,698,20.2,304.0,6.127006252737156,22.1
4.843294898750136,58.5,8.4,0,0.7,6.8096838611450785,80.0,2.0894513916273443,4,259,19.6,367.0,15.27192793586014,19.2
3.1576601796469017,97.1,12.8,1,0.84,6.808340990376085,99.0,6.804774519705309,23,556,14.5,354.0,11.726376679714749,39.0
6.215690829844668,27.7,18.3,1,0.51,6.833733395125476,22.0,4.485615081993054,16,425,13.7,371.0,9.690981201595706,40.7
10.896799638078562,7.1,20.6,0,0.42,6.266598748189245,27.0,0.5433635600436992,6,519,16.8,317.0,10.360819172051455,12.2
5.104501511781031,96.5,20.1,0,0.34,5.7561085196418516,12.0,5.191482156273372,24,486,15.7,357.0,5.899697067002073,22.6
4.6117359028587135,14.7,24.1,0,0.58,8.484906648699539,45.0,1.9724304833297177,21,358,21.0,303.0,7.2508517105810055,37.2
0.7650593909538665,54.8,6.1,0,0.77,5.080418290533459,30.0,4.094837404226299,15,681,17.6,354.0,8.365385549724394,18.7
6.066766721235627,70.0,21.5,0,0.5,6.947698219467934,42.0,4.83112940124655,17,502,13.8,348.0,2.3113547079127237,38.8
16.531208641393064,47.4,6.2,0,0.61,5.801832911991957,86.0,2.809973211395566,7,621,12.5,300.0,14.900366510917543,16.1
7.741244786726803,48.6,0.8,0,0.39,5.331344247282863,51.0,3.7762674762195623,4,295,12.2,347.0,19.757909555301627,17.7
2.551189604422186,77.7,10.6,0,0.43,7.256700824232693,71.0,4.126014918538545,18,436,14.6,310.0,18.01349600842564,33.9
3.969469631137528,66.9,2.6,0,0.75,6.763327482826858,54.0,2.377924605313023,19,367,18.7,360.0,2.0166999460385657,27.7
7.326650525043934,33.6,28.9,1,0.65,5.029866217690713,99.0,3.5945073200380095,5,338,13.2,378.0,25.76121081270956,14.6
6.379907774875477,34.1,14.8,1,0.38,7.095646885962778,92.0,7.896742860809884,5,271,20.5,303.0,13.41842316863121,33.9
0.3611572871384401,90.5,2.7,1,0.43,5.1690388199236486,85.0,1.710310901903601,19,440,20.7,380.0,21.970118893360173,10.0
3.8499946482483764,20.7,20.9,1,0.59,6.459407734704944,39.0,5.807033108143114,6,400,14.2,382.0,14.444486130502348,33.3
0.6975734197141366,23.5,4.7,1,0.32,7.055517875001324,30.0,3.299763898147929,4,372,15.4,323.0,9.720131812164977,34.5
0.0085540192635154,93.0,28.4,0,0.82,6.581193941229831,7.0,1.0142667921614978,2,492,19.7,329.0,6.719077572957593,15.6
4.705009659296982,41.6,26.8,0,0.43,6.450189385057145,77.0,2.3132001174743104,19,541,13.8,391.0,7.498013365058289,32.0
1.0111344984021406,9.2,16.5,0,0.31,6.316160763680833,73.0,2.5514248325022386,17,517,15.3,310.0,14.336291898569197,19.3
8.560963172894603,2.5,29.7,0,0.73,8.454237484850745,1.0,3.65981282191273,6,499,15.2,311.0,12.37940628064477,40.4
2.3338309652730165,37.6,15.8,1,0.41,6.285505501179533,84.0,3.9498323992700777,23,491,16.1,358.0,17.501005228462578,24.4
11.167900445135654,44.3,21.1,1,0.7,8.117239470622707,59.0,8.684723755013925,8,574,16.6,361.0,15.995840377767452,37.5
0.8086842621690509,33.0,28.4,0,0.44,6.148103833906722,14.0,3.952065756845993,9,644,14.5,334.0,18.69249999706606,22.7
1.9288629617738233,81.2,18.2,0,0.84,6.086902501218167,88.0,4.427223445017871,4,302,14.4,300.0,5.918727983486265,25.0
7.848307812064689,49.4,23.6,0,0.54,5.7894757886774935,29.0,4.253190049105929,21,585,15.2,327.0,6.8094604664940235,24.0
3.2574367717499646,38.7,26.7,1,0.3,6.843824302077123,8.0,5.53488021165483,4,526,19.8,369.0,14.751486712969074,30.0
1.4671421625948433,86.6,13.9,1,0.52,5.332195769104173,82.0,7.352843854233919,23,416,21.7,314.0,18.506605140994058,14.2
5.853273770411004,90.7,7.7,0,0.66,6.190547680467381,93.0,1.3699366765624403,4,554,20.7,379.0,5.716719105881657,15.5
8.234710613596,18.9,6.6,0,0.82,8.1414915576029,63.0,3.462841605248948,12,216,21.6,363.0,10.770740882879354,29.5
3.2348077729738147,55.6,21.4,0,0.6,6.8740895049415265,53.0,5.769496264037699,14,381,12.0,378.0,12.774783095087754,34.9
3.7101285259200587,59.5,20.1,1,0.3,5.916568157173681,89.0,2.8585440876004515,5,299,18.5,377.0,9.563978061853216,22.8
6.603042000815719,41.9,11.9,1,0.83,5.1805415815172795,37.0,4.2533430067986995,18,624,14.0,382.0,9.130764760514818,15.4
3.829966172005185,91.5,6.4,1,0.39,6.410742336137606,78.0,3.7763220598351612,24,464,12.3,363.0,21.156680382867144,25.5
4.634537155235983,44.7,27.6,0,0.61,6.03293762395461,51.0,3.4131368349565716,13,325,14.6,327.0,10.194165378972505,23.0
0.03362227199238754,92.5,16.7,1,0.66,6.732735233969518,98.0,4.2976887702518205,3,479,12.8,312.0,16.15025599113703,35.4
1.1640986142565737,71.2,29.6,0,0.73,6.602949625661435,7.0,5.253085832879906,16,343,15.2,308.0,10.615136234553676,29.3
3.2461351621083763,93.3,4.9,1,0.77,4.783439279725339,56.0,5.923175319834593,3,566,21.4,391.0,8.256461904082844,18.1
2.7135088119749216,97.1,4.5,1,0.38,5.784559572227369,95.0,5.977834851700001,13,429,14.6,352.0,6.034200290254796,27.7
0.8633301646351303,25.2,20.1,1,0.6,5.868177033180643,66.0,1.923691101186685,4,649,15.1,382.0,8.147066370966018,20.2
1.6740723434668676,22.6,7.8,1,0.86,6.692007298211358,3.0,2.5624887022026015,16,277,20.6,313.0,8.938209733565166,26.3
1.6962574233258874,48.7,22.0,1,0.59,6.076822270468952,83.0,6.059384816169892,6,238,16.8,338.0,14.500460763902321,28.1
2.5842573460334712,96.7,14.1,1,0.44,6.124483318990227,14.0,7.143823681592281,23,245,17.6,304.0,0.5473111509443953,32.0
3.7699735802959813,57.8,16.8,1,0.76,6.455686374364817,33.0,5.294720241567221,14,686,13.2,361.0,18.833965550235476,28.2
7.9230081649354345,95.2,5.9,0,0.9,7.450380014888113,54.0,2.1425704789732203,14,669,12.9,332.0,7.062015627415875,37.1
0.3323766173247593,27.1,19.0,0,0.88,7.290551968626918,67.0,4.260660949257586,24,422,12.9,389.0,12.20096757302067,38.0
8.14042052402571,76.3,3.3,1,0.55,6.625871557809233,85.0,2.3244455428512287,8,578,22.0,346.0,10.25791405605416,20.6
0.19319439593576515,31.4,27.9,1,0.87,6.239804451285928,13.0,5.433284434970998,6,535,18.5,308.0,6.276230680267491,29.8
2.2870795491308207,25.1,3.1,1,0.36,5.944284623703114,25.0,0.10782120942514695,17,392,19.0,302.0,14.437776470801175,18.8
2.799556239012006,95.2,28.5,0,0.65,5.87876073261165,67.0,4.609092472860247,16,338,19.0,369.0,9.829181688660952,14.8
1.1214155368287262,37.4,17.3,1,0.45,6.759583813515975,29.0,0.895417770313101,4,673,13.0,338.0,19.827764042423198,28.6
1.273910581186498,55.7,11.6,0,0.81,6.257837107918951,9.0,4.092442687711721,20,656,21.9,357.0,20.681851473015797,11.5
9.67656757552796,91.7,27.1,1,0.77,6.520770461200604,32.0,8.289877478628913,24,274,17.8,389.0,13.46050575914706,28.6
1.5453727138424194,49.2,6.0,1,0.42,6.907676534042899,27.0,3.190574348156402,23,508,12.5,340.0,7.39041202572326,38.9
13.325900008540268,47.8,16.8,1,0.8,5.209241982860545,53.0,2.5387653388425826,21,604,14.3,368.0,11.465615210204476,17.6
2.3865440507757505,88.9,25.4,1,0.52,7.013668897595447,95.0,6.184303775591636,12,627,22.0,350.0,19.24516765422063,24.0
6.003680427544062,83.1,24.4,0,0.43,5.503998547471123,44.0,1.9627489136487588,20,697,17.7,331.0,16.926522410870906,13.1
3.4512244331391893,28.0,6.2,1,0.74,5.093049586544594,47.0,6.749339136972187,13,678,17.7,380.0,17.728219521716667,15.3
0.9457824933567762,17.3,4.2,1,0.65,5.8078486053976475,14.0,2.6709281517115535,4,499,16.0,376.0,14.328059888559192,23.1
6.958441648206085,27.8,24.9,1,0.48,4.403281586636903,84.0,5.034649597759109,10,447,15.7,326.0,9.038722379740314,14.2
10.713362996485277,29.5,2.4,1,0.69,4.760763539638276,33.0,5.266837806402591,4,671,13.0,372.0,14.129102142133874,11.2
9.394724009001543,49.4,7.1,1,0.72,7.915015741508756,78.0,4.715820674788325,22,258,16.3,351.0,14.754534268979148,42.3
14.588504450208742,28.2,20.4,0,0.4,6.452855270858897,77.0,4.9686115250933405,17,595,21.9,382.0,13.925773685125625,9.0
9.308199234805045,90.0,11.9,1,0.88,6.775639811395208,35.0,8.012016605465146,18,589,16.8,327.0,13.836442122732732,28.6
3.920318360541854,79.2,13.8,0,0.52,6.661182437826485,94.0,3.3719218003819234,14,614,15.5,349.0,21.186216787730018,17.1
5.97343382298538,61.1,6.1,0,0.89,7.130025406207628,23.0,4.007514192651573,11,605,15.9,399.0,19.567372863801822,31.9
10.131014166995424,18.1,1.4,1,0.47,4.733375423870769,22.0,1.8560807584570571,1,630,14.6,368.0,12.885985458963042,9.6
0.6513958401148772,98.5,6.2,1,0.7,6.357485296561719,96.0,5.034784826013303,3,242,13.7,375.0,10.732518542131611,32.0
3.0182548780604574,30.0,26.6,0,0.56,5.7651388932580385,43.0,4.453834044925565,5,316,13.1,320.0,12.154359847107125,16.6
8.735769711929638,67.4,29.3,0,0.9,6.459612794686201,65.0,6.610938327532825,23,376,17.5,380.0,13.365261792629862,25.5
6.8710097462885695,43.0,8.4,1,0.32,6.221455222434875,25.0,4.425517915090245,1,472,16.1,310.0,14.353012604764402,28.9
3.3284011819457655,70.0,11.9,1,0.78,7.168720943101846,37.0,2.3206780449011166,5,268,19.0,329.0,14.316383672147541,26.2
1.8631690885093026,22.7,8.8,0,0.48,5.929767689798927,94.0,3.8427636293306624,19,696,17.3,314.0,17.47327749271766,15.2
0.8954009377568983,8.5,25.2,0,0.6,4.754524771417687,40.0,5.121415447758602,15,401,14.6,360.0,1.4319260624245942,24.1
0.6091598107690084,18.6,29.4,1,0.59,6.629617541076761,53.0,6.158299408789501,2,384,16.2,301.0,13.607485232288283,31.6
0.2716911634993493,96.6,13.8,0,0.43,6.096093831737486,11.0,1.3421192601295395,21,455,18.7,339.0,16.971036288057526,14.3
4.981047240788626,8.1,24.4,1,0.56,5.896285877442255,67.0,5.319294639054943,14,638,18.2,338.0,1.3193676083370498,27.2
9.425972029477151,53.2,19.0,1,0.56,6.577762585172931,79.0,4.976523396624578,17,637,21.7,339.0,9.397921374040251,21.6
3.4441383487065442,57.5,3.6,1,0.74,7.548389843722005,81.0,5.793338195221434,13,558,12.8,344.0,13.193485967043802,43.8
0.6052996639303587,85.2,24.4,0,0.67,6.9800006013963936,81.0,0.5606143366975789,7,504,14.6,395.0,10.650198209908947,29.9
12.95382988906252,47.4,6.7,0,0.44,5.988967230162847,74.0,3.584910516881378,18,472,20.4,305.0,4.57145425665028,10.3
11.142285114807695,40.4,22.4,1,0.7,6.900859324629614,3.0,5.004536685181785,11,619,19.4,341.0,14.805868216417949,22.4
5.972049753694252,39.2,10.6,0,0.54,6.6478705959973405,57.0,2.9307673336498388,23,571,18.5,350.0,7.836033128271748,24.3
3.258330928782474,35.5,28.8,0,0.66,6.60007542661581,22.0,6.034492054323044,4,662,18.1,375.0,7.6223876955597625,23.9
5.427557079095276,89.4,24.3,1,0.76,5.019460322503048,89.0,2.997600183874151,9,680,17.8,355.0,7.19422552364107,17.6
9.91076578118302,34.8,6.2,0,0.81,6.0276622258016115,74.0,4.773285794529816,10,464,12.6,320.0,9.520133924709308,24.9
0.7951645218819845,99.4,23.9,1,0.85,5.7438615989143225,78.0,4.245433934136403,8,278,13.2,342.0,16.049332901882774,27.7
5.249968073803521,13.2,17.7,0,0.9,7.012275942264736,25.0,7.995395089473089,6,300,19.5,358.0,12.354361171796723,27.7
2.315277824029687,75.1,5.6,1,0.4,6.267238713540691,12.0,2.532262066896866,12,580,17.1,395.0,11.47200999946953,29.1
7.188756654397843,56.5,4.4,0,0.64,5.3681557977507985,20.0,5.757384706255948,10,453,16.4,388.0,16.75080157124699,9.3
3.6437227136510293,42.2,22.1,1,0.83,6.847256178629361,94.0,4.977901586881725,21,689,21.3,363.0,9.465544553667087,26.1
4.802859249156339,53.0,15.7,0,0.69,6.48709420169063,82.0,5.589824708372546,12,511,16.0,382.0,4.987766997548976,33.2
3.230561676238304,25.7,17.4,1,0.83,5.508101702375986,2.0,2.5410360037019246,7,257,13.7,310.0,2.917223841657213,30.0
7.199156491433101,6.7,1.3,0,0.55,7.732828252926812,38.0,6.2486729231743965,18,582,20.5,304.0,12.431147478694246,31.2
8.390222244753053,41.6,14.5,1,0.46,5.602411946198449,28.0,7.446559747653842,15,279,21.8,354.0,3.3132617759262004,18.9
1.775823827578896,65.3,22.1,1,0.63,6.4736127958137555,84.0,6.80139229271686,13,575,19.1,308.0,12.465275618844252,27.7
2.569477019550586,86.3,11.3,0,0.72,6.047033394249487,3.0,4.7020917449798345,13,242,21.2,392.0,5.610627729884392,18.7
2.772718186967097,98.2,24.2,0,0.39,6.547809575929793,51.0,1.6483945713838102,2,679,13.2,370.0,11.159906328151754,30.7
5.662090907794747,87.7,7.6,1,0.6,5.160790664864639,66.0,3.8407118222354684,12,480,16.6,318.0,15.650055988350216,12.3
0.6507029282257708,59.1,17.7,1,0.73,5.795682106774197,81.0,4.615197090314087,6,231,16.1,392.0,15.214723189267056,24.0
2.067870349182664,51.1,21.6,1,0.47,6.561786305794852,49.0,3.651266778546747,17,288,15.3,349.0,10.887148599905094,28.6
0.21338115963663595,58.9,13.5,0,0.83,7.046214817514877,13.0,4.684266602190399,15,403,17.9,394.0,16.696448915991162,27.6
3.041858609740828,30.1,13.0,0,0.33,7.2936867820218545,4.0,5.602798485660016,23,698,19.5,331.0,2.2440728275915927,35.8
7.3673398738622495,9.4,4.9,0,0.59,5.854916122326862,92.0,4.829351405195718,17,368,19.4,323.0,16.28802609917144,14.2
3.6574897751232656,71.8,23.1,0,0.8,6.781670733311687,64.0,2.8855968995675365,17,235,19.7,384.0,18.057905411153445,17.5
0.12556442827927983,71.5,27.1,0,0.8,7.450706164364892,32.0,5.502969945071338,14,590,17.2,385.0,8.160156141888997,36.2
8.900937809585253,30.3,28.4,1,0.81,7.518320790449327,92.0,5.747314332223674,3,397,21.3,321.0,3.168020051510508,34.3
4.159230395645775,79.9,10.7,0,0.41,6.622416283224471,61.0,4.228445562478779,21,224,19.3,336.0,9.16114557709267,14.8
6.552325043402467,49.6,24.1,1,0.52,6.825633434749089,60.0,2.23926718334482,9,518,19.0,327.0,13.676491065869417,28.0
8.162745600514006,12.7,18.0,0,0.54,5.590756703497178,92.0,1.9891191777764372,1,454,13.6,384.0,6.276564279681222,16.6
1.010187800085781,26.0,15.2,0,0.77,5.590937100963849,12.0,4.781526874018867,20,242,20.5,342.0,12.257825943306932,14.4
5.598999610623464,73.8,28.5,0,0.84,8.285167957117768,96.0,3.1312726188732167,2,436,13.4,384.0,8.732279596251951,38.1
7.30021461258253,79.5,23.8,0,0.55,5.87032720616267,70.0,5.923405312473632,16,206,19.3,313.0,10.996607080951435,15.9
1.1241153196619722,73.1,9.6,0,0.79,4.5541115779781745,31.0,1.7625261022487257,5,553,19.4,312.0,16.178442976116195,5.9
1.2627567728176472,75.6,14.4,1,0.5,5.701130547139242,6.0,5.962577082940996,15,502,13.4,371.0,15.019550839043296,29.0
13.21242565768864,23.2,15.9,1,0.63,6.152179519537779,9.0,1.0675614124836268,17,494,22.0,309.0,5.24716454375916,18.0
1.1734287427302283,16.5,12.1,0,0.61,5.885129119442237,89.0,3.650134568239193,7,295,17.9,325.0,9.211633783562448,20.0
3.8053365126543355,77.6,1.6,0,0.86,6.366138119007927,61.0,3.307424637657567,18,202,15.6,315.0,15.120653251445166,18.7
1.9434055023058359,18.2,15.5,0,0.87,5.961619128658927,52.0,6.561872829929624,19,416,17.0,394.0,12.86162000729113,18.5
4.08831567717298,90.4,16.3,1,0.45,5.823926919853237,73.0,4.378478022437586,14,564,13.0,325.0,20.810859016192804,21.2
3.257905028163775,49.1,25.8,1,0.63,5.82650710400158,72.0,1.9565239561147698,2,297,12.9,390.0,9.62746569228343,24.5
2.939268581631793,33.5,4.3,0,0.68,6.008256747936774,69.0,4.657710654130897,14,211,21.0,396.0,18.60645825472185,8.6
4.245455720288479,7.0,15.0,0,0.42,6.296066041625935,12.0,4.776169146379436,14,591,15.3,375.0,6.383691276860211,31.8
0.6084194154217313,9.2,18.1,0,0.86,7.96523574569218,85.0,4.731518345034525,15,629,17.4,340.0,21.12236868753439,32.8
2.9391197782222496,74.4,24.2,0,0.87,8.528900057940929,37.0,0.2943356406568811,10,519,18.6,353.0,14.4386731906075,28.9
1.5191464075938441,9.6,5.7,1,0.43,6.593884438044879,65.0,2.1785048443335278,6,558,19.5,336.0,0.6168418443640853,28.0
4.563295574084059,37.1,18.0,0,0.83,6.561287121123612,73.0,3.5146676496824574,1,381,19.9,374.0,17.485317328167802,11.7
3.15508998869683,39.0,13.1,0,0.73,5.9489471165624375,43.0,2.360074814995879,21,487,21.4,383.0,22.838537454132187,11.0
4.738520676957654,14.9,22.2,0,0.44,6.00793445841259,41.0,5.970446930276702,5,680,18.1,396.0,14.080446163663424,15.4
1.2175548048972784,69.4,8.2,1,0.72,7.135426105837855,62.0,4.498850624303543,12,473,20.5,323.0,16.405152356141993,23.9
2.680373431872573,10.3,17.3,1,0.62,6.736517236527765,19.0,0.8865365321608376,1,517,15.9,383.0,22.612886350901825,19.4
5.380790640325774,28.5,5.6,1,0.67,5.70888610308434,8.0,2.11579126993985,1,259,13.9,362.0,15.123083895159679,23.6
3.408807424615182,42.2,21.3,0,0.66,6.107922993066135,93.0,5.912916814452896,12,360,17.6,324.0,4.616806311492542,22.8
3.089161824253777,84.7,21.4,1,0.42,6.084077497826543,7.0,4.235530222007573,7,490,19.0,361.0,17.340563432460684,21.3
4.655373575237668,16.6,18.0,0,0.32,6.274806743861257,76.0,6.27636766480995,20,448,20.2,368.0,19.040192674246622,20.1
8.357901453208024,0.8,23.3,1,0.62,7.469599645937601,63.0,2.10674906246693,15,490,19.6,312.0,20.969894473413284,25.9
8.47669571148228,19.9,5.3,0,0.74,5.997686461701525,26.0,4.257602511453398,5,481,16.7,336.0,9.742253045458396,15.2
6.412126663526701,84.3,11.0,1,0.34,6.760427668132495,42.0,6.233036751330893,20,501,12.8,314.0,13.972957359848818,35.0
0.5182034957924246,12.4,7.7,1,0.65,5.783764677269533,35.0,2.9969347876122114,17,434,12.0,334.0,13.14286631376692,31.9
9.417072114645936,9.3,12.7,0,0.4,7.179694976177691,9.0,4.183271677506925,24,322,16.9,322.0,6.505279020938681,31.2
2.1794960638996668,72.6,5.0,1,0.87,5.806564786809428,56.0,1.0042424245238721,7,521,18.5,366.0,9.150881108973575,26.5
1.2206718874222429,82.9,4.1,0,0.49,6.235733611865984,92.0,2.136978722908393,12,335,19.5,387.0,12.598748666864099,17.9
4.9683008886688835,41.3,6.3,0,0.74,6.189876388649267,27.0,5.512200045141005,4,352,19.8,372.0,13.668884898576929,13.6
2.700301931657907,24.1,2.1,0,0.76,5.65831702133215,10.0,1.4645574469846605,9,305,16.0,308.0,10.982480868730196,19.7
1.1971272584381358,25.3,27.2,1,0.7,5.5547196491922755,59.0,3.5545332866658232,21,276,21.8,329.0,16.764410510894486,14.5
3.6399915243838628,68.1,2.7,0,0.76,5.65184287029877,96.0,5.082885746312746,8,598,15.8,343.0,11.285849449816377,16.2
3.7912796566937534,87.6,13.7,0,0.42,4.854759240297689,53.0,3.342898640099385,11,426,18.4,374.0,6.244274707412716,12.1
3.023492516337497,37.3,5.2,0,0.72,5.87813757567273,59.0,1.487851311316354,24,457,18.5,356.0,8.843735676274687,18.4
1.815318028912181,24.3,27.3,1,0.82,6.525288990244129,61.0,3.3307611854123724,24,259,20.9,303.0,12.642671303349747,27.4
0.44527886486798973,38.3,7.0,0,0.73,6.149114201318968,39.0,3.564876016526368,23,569,18.1,371.0,11.377941937845318,18.8
3.0691704613647555,48.2,19.6,0,0.64,5.912611276751989,24.0,2.2882897939364746,2,256,13.7,352.0,20.6273504177627,16.5
6.228925510406096,52.0,7.7,1,0.34,5.761589674465123,13.0,5.999607200665549,3,625,18.0,391.0,5.192564878389263,22.7
0.4392793219504596,73.4,25.0,1,0.67,6.263165172853651,71.0,5.378016172962595,9,276,20.3,396.0,13.252979706907363,24.5
10.278946423356905,35.5,4.5,0,0.51,6.102337138329632,75.0,3.592094659531965,20,396,16.7,319.0,10.256432817411195,23.7
4.227042218173663,2.8,13.8,0,0.69,5.266282131398065,4.0,6.941497414793813,16,484,12.2,387.0,15.772123525510354,22.9
1.3883233390900305,43.2,22.7,0,0.41,5.9841378541019825,28.0,2.2557960021120973,8,582,16.1,334.0,24.163166803488636,15.6
12.94106346345495,86.6,24.9,0,0.39,6.373492408517892,52.0,5.141772640583907,7,389,16.5,354.0,13.628846638135974,21.1
2.0709906719341,40.2,3.6,0,0.44,7.408148270096831,15.0,1.2202490772629973,12,619,17.6,351.0,14.757556093599314,27.5
6.740957510338038,54.0,4.0,1,0.78,6.344059132658346,61.0,3.1186202441704616,14,495,21.7,318.0,11.55593788460393,11.9
4.46987834712046,34.9,23.9,0,0.31,7.653260994188935,8.0,5.111160478862261,19,312,19.8,307.0,12.988505102674598,28.8
0.4695115914136889,20.1,0.0,1,0.55,5.762837488831373,79.0,8.370185524398469,17,485,13.8,300.0,10.155171211419233,32.8
2.64650809683377,79.5,13.6,0,0.55,6.173032794514288,77.0,7.87520949868284,4,627,13.5,330.0,5.010254307033094,32.3
1.3099876127602657,40.5,9.9,0,0.83,6.094447427994192,52.0,0.4658996463852878,20,529,19.7,355.0,13.255610629322678,11.4
10.024064080184973,7.3,7.9,1,0.65,6.360136899336712,99.0,8.663915546183897,21,516,17.4,398.0,13.546684772871881,36.4
2.613641661445115,47.6,1.6,1,0.46,7.556698672653331,9.0,5.215764027106313,11,368,12.3,321.0,14.545056964674407,45.5
1.8145052234748507,50.1,18.9,0,0.78,7.2061121209082195,76.0,2.219782113418011,9,569,21.1,347.0,14.145342186298507,17.0
8.450731821927324,79.8,27.6,1,0.68,6.877472372152766,95.0,4.338950881704897,8,565,15.3,393.0,8.107505012634501,32.3
0.34493309281290463,56.0,20.2,1,0.61,5.622336461576264,19.0,4.380377206748305,20,477,17.8,307.0,10.153822004053879,24.1
11.266852451258421,55.6,18.1,0,0.64,6.822075120984126,96.0,4.416539574943139,16,691,20.2,383.0,17.355257031441283,22.4
0.8855577969945765,51.7,6.0,1,0.69,6.410115854085858,93.0,4.918612904401829,8,578,15.8,343.0,15.76352979113744,35.2
0.2119188625372037,97.9,10.1,0,0.6,7.2006796490941705,54.0,5.039632518098646,22,525,12.2,389.0,14.892294598498601,34.8
2.8060530317241867,77.3,13.0,1,0.65,5.788544029082797,5.0,1.571343488090036,4,652,17.2,316.0,17.47765088993258,15.7
3.715558754697261,95.1,10.1,1,0.6,5.587202148497323,62.0,5.422631183809868,1,411,19.7,394.0,17.19375449008941,13.6
4.276864968133983,26.6,4.1,1,0.5,6.75526964759888,49.0,5.89804988468588,14,641,16.3,361.0,10.608957782311201,32.9
3.337984409701404,1.1,19.5,1,0.6,8.338973461860157,63.0,2.8241512357126712,21,216,20.7,393.0,14.530440080859877,34.1
2.1211500302537605,25.6,10.0,1,0.71,7.924780680172117,91.0,0.7890015969177053,18,370,14.6,395.0,15.030678598851203,40.8
4.299459944991834,83.3,19.7,0,0.36,5.695560914335445,43.0,5.793925898095133,21,250,15.9,354.0,18.369505591316923,19.0
2.316279692294863,20.6,14.1,0,0.59,7.762001713708161,39.0,5.095215904672271,4,300,15.4,371.0,11.717757683568703,38.5
7.918878226004708,3.6,13.7,1,0.68,4.5213934901377355,31.0,4.992921741240106,20,593,17.5,324.0,10.948547982315434,7.6
1.9040056921366153,60.5,17.9,0,0.6,5.9693218472078255,77.0,4.419198329641257,19,228,21.2,328.0,11.056629113395612,11.7
5.454616291243882,29.8,11.3,1,0.49,6.559867594273445,69.0,7.209075455464863,24,593,15.2,393.0,11.939580665688226,29.2
2.1709690167140216,1.7,29.1,1,0.74,5.568329918152706,48.0,3.40548709962833,12,642,18.2,390.0,15.198795100071404,19.3
2.950917615535601,88.3,21.7,0,0.72,6.47882421685984,15.0,3.647091074046049,16,351,14.6,332.0,15.142553095072742,18.1
3.5691609449527935,83.3,21.7,0,0.61,6.565696490176512,27.0,5.537676380409509,17,609,16.3,329.0,11.049745748664142,28.3
1.3508593531471749,58.0,5.5,1,0.33,5.418865244688147,80.0,1.6247104498884215,14,486,19.8,312.0,11.837236115080538,16.2
6.0804259141597825,16.2,8.9,0,0.57,5.7865098014314995,92.0,2.3092822680821676,24,259,15.2,385.0,2.3540791684339126,24.3
1.3841094218784327,23.4,0.1,0,0.49,5.16158873617636,43.0,2.8966830327264965,8,405,14.0,354.0,15.244842214090948,16.6
2.4282333813348984,7.4,21.0,0,0.37,6.8845560538370805,17.0,0.39158794978916056,5,269,15.4,372.0,13.220802666929199,23.4
4.763722715341517,23.9,18.3,0,0.33,5.637350995291908,28.0,7.15188485813601,22,548,21.2,300.0,8.292650386480455,13.6
8.61096143586308,34.6,5.3,1,0.66,5.654519959475907,84.0,5.548221025354831,2,255,18.6,384.0,6.630497648359871,22.2
7.056977537763259,76.3,16.1,1,0.32,6.543838945636188,65.0,6.84775917994833,23,558,21.6,336.0,7.902128397866208,23.2
0.5896210781814126,83.2,0.7,1,0.44,5.942338401982498,24.0,3.484514395166312,9,295,15.5,397.0,8.074616440674578,24.8
2.5337250866443615,18.6,11.6,0,0.67,6.466957021176013,94.0,4.3454824322813925,4,502,13.1,352.0,10.108648483587691,28.0
1.8720352227710269,52.2,9.0,0,0.39,5.474839393617156,24.0,8.055778497920375,22,254,17.0,335.0,12.024122999834105,18.0
6.211153843725224,49.1,14.2,1,0.53,5.461390627992519,44.0,6.122198995290829,22,482,17.2,301.0,9.027497219934261,27.7
3.4132882163395575,35.0,29.9,0,0.31,6.975627631796931,78.0,3.535429180338557,2,597,13.3,327.0,13.451225484789127,30.9
4.2812007022002145,78.5,25.9,1,0.7,6.9647243435741455,67.0,3.7762686722678462,10,641,19.1,334.0,15.791961303874135,29.3
3.766481977630379,72.0,12.2,1,0.39,6.554124092269558,41.0,5.338095682516349,12,486,19.7,392.0,20.565322562715373,20.2
8.600648993636128,67.4,7.6,0,0.34,6.379898863224913,59.0,6.357903779218553,19,464,16.1,346.0,11.316749999941473,28.2
7.038505831196268,54.6,10.6,1,0.38,5.727809714367755,99.0,4.287036795297952,12,377,14.2,332.0,18.82595136221027,22.8
2.7872814921332822,43.3,18.3,1,0.6,6.697339703120015,43.0,3.794766481903296,6,414,18.9,366.0,9.777421190962807,29.8
1.2341929884703169,5.8,24.5,0,0.8,6.462575389994869,50.0,6.752159439369629,13,335,12.5,320.0,15.891628504690097,32.3
0.9271304900256836,95.2,12.3,0,0.32,6.916031446905352,66.0,3.398061246610877,21,541,15.0,397.0,6.77818805042455,32.0
2.0371506217909516,88.9,17.3,0,0.49,6.825545746903996,58.0,6.485163983339543,13,339,20.3,301.0,14.801309007166228,24.2
4.2276695355250045,19.2,16.8,0,0.58,6.05525015716196,37.0,4.781150112217685,9,700,15.9,308.0,15.894208239719447,20.9
5.681423530383055,5.2,3.4,0,0.82,5.120745274870414,76.0,5.483782178806178,10,673,16.1,326.0,0.8641959934996137,20.2
9.702163766905109,80.9,12.1,0,0.65,7.0605836072189,4.0,4.3660251264112535,1,474,12.0,385.0,10.094391122179424,29.3
0.830885850740466,64.3,14.1,0,0.83,6.32820778291463,21.0,2.928522408078331,22,525,12.4,382.0,20.154043140499123,21.1
7.722164906774447,72.8,13.5,0,0.47,6.987009562609039,2.0,5.494644361872091,13,513,16.3,349.0,11.030575625638157,26.8
2.3036484851499015,93.4,17.2,0,0.52,5.9416723802324345,26.0,2.933825859715118,6,270,19.9,388.0,5.619646198077647,16.4
9.010131761059343,35.7,14.9,1,0.73,7.118661434205492,85.0,3.8825711684409674,12,679,12.0,397.0,11.430259810960623,34.0
3.2670892308746042,78.4,8.8,0,0.56,7.353341819779926,27.0,4.159834134444104,9,594,19.2,378.0,1.729043707020768,35.4
5.728726688054071,9.1,27.8,0,0.49,7.598148830632532,37.0,1.846811711751939,19,605,20.0,305.0,12.849124015185497,30.0
1.7935282870242966,91.9,17.3,0,0.84,6.66596020942961,25.0,8.384974530099141,3,281,15.7,331.0,13.366300959848795,26.1
1.8650016481258067,36.2,28.8,0,0.71,5.921666864365578,6.0,5.805282577810924,16,534,16.5,357.0,15.606566683141255,18.1
3.816588153797114,76.5,22.5,1,0.8,6.590346725557065,42.0,4.2861205415148484,5,384,20.2,337.0,11.299392398070916,19.9
1.8161382671344537,98.7,19.4,0,0.52,5.919720922739691,79.0,4.824740395312806,19,606,13.0,300.0,15.317259870111773,22.8
6.627471903606562,58.1,15.6,0,0.73,6.929905971796876,57.0,0.6615361428696334,22,571,19.6,308.0,19.573819238658952,14.0
1.4018642796951517,92.1,2.0,0,0.31,5.4215722875488215,14.0,2.693489865270206,7,585,18.3,394.0,9.347381072611688,10.5
0.6795038534579683,29.1,4.1,0,0.82,5.262054958687086,32.0,4.040017682426454,15,309,12.1,326.0,7.436615971355663,20.3
4.358487422388784,12.7,9.8,0,0.5,6.41207271460426,74.0,4.142169004859915,15,680,19.7,312.0,9.407294144931253,22.4
6.969996037279854,95.5,11.6,1,0.32,6.155182880304064,4.0,3.938502259783584,17,689,22.0,360.0,16.04407920096547,15.8
6.495033637882788,29.7,1.6,1,0.85,5.496646954963644,61.0,4.050455869834158,5,523,19.2,356.0,1.6356397756026944,21.2
0.1952061530398912,36.9,25.3,1,0.41,5.591350422157502,6.0,3.787660850544556,10,573,12.1,311.0,16.536778307769325,28.8
12.83520765093367,54.7,13.4,1,0.33,6.927882635101792,24.0,5.699519413488744,4,365,16.1,399.0,11.88138128282187,39.5
2.4151618164693884,55.3,29.0,0,0.88,7.159212859008036,67.0,5.958470882402121,12,355,12.7,376.0,7.768330057559797,41.9
3.1195054813368905,74.6,0.9,0,0.35,7.115944281560264,75.0,4.051766494481697,4,208,16.7,329.0,12.163360346480776,26.2
3.6900439006878356,58.1,23.3,0,0.81,7.696003082159185,45.0,4.074300096492932,8,438,18.8,376.0,15.61925420394969,32.9
3.3641145871259703,46.0,12.8,0,0.44,4.96232701920283,67.0,4.004198137248869,6,202,20.0,385.0,21.318029478637563,5.0
0.4091245636381098,43.6,24.3,1,0.42,5.276699084419375,38.0,0.08062367674135551,21,659,19.7,393.0,2.01044793173852,13.7
8.630069521624307,85.9,13.7,1,0.63,5.521877657756475,14.0,3.602045184569601,23,515,16.0,302.0,8.207607401326577,16.8
4.660451517951952,66.6,9.2,1,0.83,5.138617811982215,1.0,4.060155074741384,23,526,12.6,362.0,5.719501627738254,27.6
1.6314755581933849,10.7,21.8,0,0.59,6.128450110732845,89.0,2.2284114049308106,9,378,15.3,393.0,17.30505264356748,16.2
5.9867982443754295,36.4,12.5,0,0.39,5.980396187434312,11.0,5.40779457066161,15,561,21.2,375.0,17.93156324677416,11.1
0.48621934667147126,29.9,10.3,1,0.75,5.709987297429829,9.0,5.270453212825043,19,379,18.4,313.0,13.499285168825201,20.5
1.2877165860082957,38.1,16.7,1,0.37,5.39110678198242,19.0,3.7200705684894695,4,655,14.8,366.0,0.3630738330769976,34.1
1.9465743419368922,92.0,15.6,1,0.74,6.05118404785283,7.0,5.147991387001037,12,685,19.2,302.0,14.042156989129728,21.5
10.627899062391744,26.9,17.4,1,0.32,7.7063153191552,49.0,2.905302615630598,11,268,14.6,331.0,11.425057794485362,35.1
6.607301891113976,76.1,11.6,0,0.47,6.069893573225542,61.0,3.5022145755001963,19,364,20.9,370.0,11.291425558249331,14.1
2.6844456758110926,67.4,24.6,0,0.9,5.4095180285492805,37.0,5.852939433394287,20,425,17.2,336.0,14.139447877981281,14.6
0.40355807571879065,45.8,12.2,0,0.63,6.6237594331070815,100.0,1.3828001486841814,4,511,20.7,303.0,7.09631990843526,18.9
2.7774081862587576,44.0,10.2,0,0.89,7.0393258229171405,85.0,6.460494178647682,21,581,21.1,336.0,10.181761187599324,26.7
5.3342476943187185,51.9,29.8,1,0.44,5.166999379300922,30.0,5.385290340777948,15,241,12.5,300.0,8.033255137426695,28.2
6.813232387528361,5.5,8.8,0,0.82,7.701082136822386,20.0,3.741828373263093,3,661,14.6,301.0,12.565440149960502,36.2
3.659094598140758,40.7,1.9,1,0.9,5.4134071304264655,27.0,0.014837735162748,1,404,13.5,318.0,14.249379618359761,16.1
11.952940079209665,3.9,1.9,0,0.51,4.52186395167144,45.0,4.297126354924545,11,485,17.9,363.0,18.345201295746968,5.0
8.564236102320667,57.5,28.6,0,0.31,6.931256717402936,77.0,3.723432345078358,23,590,18.8,305.0,7.688146832985695,26.7
2.0789902823064583,62.1,8.9,0,0.83,7.351229088914173,11.0,3.743085641189811,17,639,13.3,308.0,6.722820805543961,37.8
4.09140535945851,45.7,12.1,1,0.38,6.25619688470162,47.0,2.7746294539940335,23,247,14.7,349.0,11.37816257739884,26.5
8.06131913824829,9.2,16.7,0,0.72,6.390859142138281,13.0,1.2715971686986305,22,528,17.4,376.0,13.565073970033776,15.8
4.273871457457692,79.0,11.3,0,0.5,5.599639733877486,57.0,1.4426297082278614,10,502,16.1,382.0,8.13880955446714,15.5
8.28108277699011,48.8,9.9,1,0.38,6.934610647327557,46.0,5.0247928890080775,23,212,13.2,315.0,5.901027148673041,35.1
9.214624770436476,40.7,6.4,0,0.5,6.983477214448048,13.0,5.160237989412625,9,424,21.0,346.0,10.705346509785727,23.4
1.1793671842475515,17.5,28.5,0,0.88,5.10497663888606,36.0,2.1701295824833395,17,420,12.9,314.0,11.263835210047885,14.6
5.8150197326871655,99.1,25.0,1,0.7,5.57767335765293,25.0,1.3813731902285977,18,530,21.0,399.0,15.788008098760061,11.8
8.597345695415983,37.3,18.6,1,0.86,7.008654001784834,82.0,3.270555075052616,9,612,16.1,367.0,20.9020468740349,25.4
13.215373331996243,4.7,10.0,0,0.57,5.725967025996282,73.0,5.416999325340647,5,352,16.0,358.0,16.109461557506513,11.7
2.5255546112853446,15.6,13.9,1,0.89,6.930090406920137,53.0,5.134134294001805,7,495,15.9,388.0,15.249040531581038,30.9
1.9632667564967101,53.3,29.3,0,0.64,5.702152199995139,9.0,6.2571804779072515,1,264,13.8,349.0,10.019034231985408,26.3
6.99067450775504,4.2,13.3,0,0.48,5.240775908527567,19.0,6.644920717426208,8,240,19.8,374.0,12.205287696382069,9.4
6.172383794579748,24.3,22.1,1,0.78,6.585705141510865,29.0,2.9616570533582074,2,337,17.4,392.0,10.703372677878935,27.3
4.690923211255642,2.7,7.7,1,0.89,6.203354448276361,85.0,1.6380003469084938,13,620,15.8,310.0,14.395871827087923,26.3
14.988168762088344,99.4,21.1,0,0.35,4.637378541236721,43.0,3.997326373164585,23,335,19.8,370.0,12.850674259373346,5.0
